Early Access - Feb 26 through Mar 2 ,Completed?,,,Version Checker,,,Changelog - Old version updates found at bottom of sheet,,,
Log on to each character you plan on leveling so they start accumulating rested XP.,TRUE,,,Your Version,17,,"Version 15: Mar 3 update - removing references to early access and removing the housing quest from pre-season since it's not available. rares are one time rep bonuses, not weekly. ",,,
Level characters warmode on to 90 - DMF opens Sunday for 10% more exp. ,TRUE,,,Latest,17,,"Version 16: Cleaned up changes, temporarily removed crafting stuff until we get more info,  added 6x Hard Mode prey for Veteran crest recommendations, added 1600 pvp note for Season 1 Week 1, added link to discord, huge addon update with new features",,,
Complete the weekly Stormarion Assault in the Voidstorm. (It is available in Early Access),TRUE,,,Up to Date,,,Version 17: Sorry for two updates in one day but Blizzard has hotfixed in crest save achievements. Some crest advice adjustments.,,,
(Optional) Kill each rare once in each zone for renown. This is a one time bonus for each rare and does not reset weekly. ,TRUE,,,"When you first copy the sheet, it will say Loading... ",,,"Not Yet Implemented: Version 18: more wording updates, more specific crafting advice",,,
Hunt down each region's treasures for free Renown. Check guide for more info,TRUE,,,Updating any part of the sheet will check the version,,,,,,
Complete 4x Prey on normal difficulty for renown,TRUE,,,,,,,,,
Complete the Midnight Lore Hunter achievement for renown - Check guide for more info,TRUE,,Use this link to make a copy for yourself,,,,,,,
Complete the Highest Peaks achievement for renown - Check guide for more info,TRUE,,,,,,,,,
Complete side quest chains for renown. (can be done on alts to level at same time). DMF buff does not give renown.,TRUE,,Use this link to join Larias' Discord if you have questions or want up to date information,,,,,,,
Note: Only the Singularity AND Eversong champion items are available in early access - the others will become available either Monday after the official launch or after each region's weekly reset.,TRUE,,Raider's Guide link to where this information comes from,,,,,,,
Complete the weekly Saltheril’s Soiree in Eversong Woods. Don't forget to grab renown quest for the champion helmet if you have the renown ,TRUE,,,,,,,,,
Pre-Season Week 1 - March 3 - M0's,,,"If you find the checklist helpful, consider buying me a coffee! Thanks!
",,,,,,,
Save 160 Veteran crests for crafting 2x Veteran items with Embellishments (These do not take Sparks),FALSE,->,Dev from,Refined has created,an incredible in game checklist addon that,,,,,<--
Check Guide for what and when to craft.,FALSE,->,automatically updates whenever I update this sheet! ,,,,,,,<--
"If you are on an alt and don't see some of these quests, go to Soridormi in the Silvermoon City Inn and choose ""I Stopped the Voidstorm"" to skip the campaign.",FALSE,->,^,^,^,^,,^,^,<--
Raise The Singularity renown to rank 7 for 1/6 champion trinket - comes from a quest from the renown vendor,FALSE,,,,,,,Small addon feature! Don't waste your crests by accident!,,
Raise Hara'ti renown to rank 8 for 1/6 champion belt - comes from a quest from the renown vendor,FALSE,,,,,,,,,
Raise Silvermoon renown to rank 9 for 1/6 champion helm - comes from a quest from the renown vendor,FALSE,,,,,,,,,
Raise Amani Tribe renown to rank 9 for 1/6 champion necklace - comes from a quest from the renown vendor,FALSE,,,,,,,,,
Complete weekly dungeon quest from Halduron Brightwing for 1000 renown ,FALSE,,,,,,,,,
Complete weekly world event quest for pinnacle cache from Lady Liadrin - can pick weekly event quest and do it with the events below,FALSE,,,,,,,,,
Complete weekly world tour quest from Lorthremar for spark by doing the below quests,FALSE,,,,,,,,,
Complete the weekly Saltheril’s Soiree in Eversong Woods.,FALSE,,,,,,,,,
Complete the weekly Abundance Event in Zul’aman.,FALSE,,,,,,,,,
Complete the weekly Legends of the Haranir event in Harandar. ,FALSE,,,,,,,,,
Complete the weekly Stormarion Assault in the Voidstorm. ,FALSE,,,,,,,,,
(Optional) Kill each rare once in each zone for renown. This is a one time bonus for each rare and does not reset weekly. ,FALSE,,,,,,,,,
"If not done, hunt down each region's treasures, lore hunter, and high peaks for free Renown. Check guide for more info.",FALSE,,,,,,,,,
Unlock Delves through tier 8 ,FALSE,,,,,,,,,
Complete 4x Hard Prey. The first 2 will give Veteran gear; all 4 will give Veteran Crests which you need to cap.,FALSE,,,,,,,,,
(Optional) Complete 2x random Hard Prey for Veteran crests on each character - doing 2x optional per week will cap Veteran crests by the end of week 2,FALSE,,,,,,,,,
Complete a World Tour of M0 dungeons - rewards vet ilvl - do not upgrade yet,FALSE,,,,,,,,,
"Thursday, March 5th Hotfix Info: Blizzard has hotfixed in the ability to earn an achievement that reduces the cost of upgrading your crests by 50% on your account once one character is 237 in every single slot. Check guide for more info.",FALSE,,,,,,,,,
"New: If you only have one character, after completing your first world tour of M0 dungeons you can spend Adventurer crests on remaining items. 
",FALSE,,,,,,,,,
"New: If you have multiple characters, once you have earned the new achievement, you can freely upgrade on all other characters.",FALSE,,,,,,,,,
Pre-Season Week 2 - March 10 - M0's,,,,,,,,,,
Save 160 Veteran crests for crafting 2x Veteran items with Embellishments (These do not take Sparks),,,,,,,,,,
Special note for dual wield classes - you can probably craft now. Check Guide for what and went to craft.,FALSE,,,,,,,,,
"If not completed, continue to raise renown for Champion Pieces",FALSE,,,,,,,,,
Complete weekly world event quest for pinnacle cache and spark from Lady Liadrin,FALSE,,,,,,,,,
(Optional) Complete weekly dungeon quest from Halduron Brightwing for 1000 renown ,FALSE,,,,,,,,,
(Optional) Complete the weekly Saltheril’s Soiree in Eversong Woods.,FALSE,,,,,,,,,
"(Optional) Complete the weekly Abundance Event in Zul’aman.
",FALSE,,,,,,,,,
(Optional) Complete the weekly Legends of the Haranir event in Harandar.,FALSE,,,,,,,,,
(Optional) Complete the weekly Stormarion Assault in the Voidstorm.,FALSE,,,,,,,,,
(Optional) Kill each rare once in each zone for renown. This is a one time bonus for each rare and does not reset weekly. ,FALSE,,,,,,,,Old Changelog,
Unlock Delves through tier 8 if not done yet,FALSE,,,,,,,,Version 2: Created,
Complete 4x Hard Prey. The first 2 will give Veteran gear; all 4 will give Veteran Crests which you need to cap.,FALSE,,,,,,,,"Version 3: fixed errors, added checkboxes, special thanks to hodor_ on discord for the checkboxes!",
(Optional) Complete random Hard Prey to cap Veteran crests on each character,FALSE,,,,,,,,Version 4: updated some small items and added link to in game addon (thanks Dev!),
Complete a World Tour of M0 dungeons - rewards vet ilvl - do not upgrade yet,FALSE,,,,,,,,"Version 5: Added questionable M0 advice, see guide info",
"If you have any adventurer pieces left, you should feel free to upgrade them.",FALSE,,,,,,,,Version 6: Massively updated checklist - see guide for why,
"If you raid Tuesday the 17th, craft Veteran pieces with Embellishments which do not take sparks. Check guide for more info.",FALSE,,,,,,,,"Version 7: Added renown to pre-season week 1, added small prey addition",
"Season 1 Week 1 – Mar 17 – Heroic Week, 2nd craft",,,,,,,,,Version 8: Complete rework from the ground up with new Crest changes,
Do not spend any Heroic or Mythic Crests until told to do so. Check Guide for why we hold crests.,,,,,,,,,"Version 9: Updated with more M0, Prey, renown info",
Special note for Fury Warriors - you can probably craft now. Check Guide for what and went to craft.,FALSE,,,,,,,,Version 10: Final update before launch - added info on treasures and rares,
Do LFR for tier pieces - obtaining a 4set bonus will allow catalyst charges to drop from all content,FALSE,,,,,,,,Version 11: Darkmoon Faire no longer gives renown increases. Removed reference to possible exploit. Added some notes that the renown items are from quests,
Complete weekly world event quest for pinnacle cache and spark from Lady Liadrin,FALSE,,,,,,,,"Version 12: Updated Early access notes, added reference to two renown achievements specifically, and clarified what champion items are available",
Complete weekly housing quest from Vaeli for ?hero crests? (will update when it goes live),FALSE,,,,,,,,Version 13: Nothing new on release day but updated pre-season weeks 1/2,
"If available, complete pvp quest for guaranteed hero neck/ring - can maybe do with the below optional PvP ranking",FALSE,,,,,,,,Version 14: Emergency version update - Saltheril's Soiree just went live ,
"(Optional) Raise PVP ranking to 1600 for catalyst charge (this is the same catalyst charge shared with 2,000 M+ rating from the next week). If you get 2 pieces of tier from your raid this week, this would allow you to catalyze 2 items and start getting Catalyst charge drops from your m+ next week.",FALSE,,,,,,,,,
(Optional) Complete a World Tour of M0 dungeons - rewards champ ilvl - daily lockout - DON'T BURN YOURSELF OUT! M+ opens next week and will replace all of this.,FALSE,,,,,,,,,
"(Optional) If you don't want to do world tours of M0 dungeons every day, consider running a dungeon with a very good trinket each day for a chance at getting it",FALSE,,,,,,,,,
Complete 2x Nightmare Prey for Champion gear on each character,FALSE,,,,,,,,,
"If Nightmare has a weekly quest for a Hero track item, do that as well.",FALSE,,,,,,,,,
Kill World Boss for champ 2/6 250 ilvl item,FALSE,,,,,,,,,
"Do t8 or higher bountiful delves, use map on t8+ delve - while doing this, unlock t11 delves",FALSE,,,,,,,,,
Not confirmed yet - fill your vault in every slot for multiple chances at tier items next week.,FALSE,,,,,,,,,
"Before raid, craft 2x 246 ilvl pieces, 2x embellishments on weak slots, use 160 Vet Crests. These do not take Sparks. Check Guide for more information.",FALSE,,,,,,,,,
"Before raid, spend all Adventurer, Veteran and Champion Crests upgrading anything. Do not spend Heroic or Mythic crests.",FALSE,,,,,,,,,
"Track spent crests: 0/100 Heroic, 0/100 Mythic ",FALSE,,,,,,,,,
"Week 2 – Mar 24 – Mythic Week, M+ Opens, take off work giganerds",,,,,,,,,,
Do not spend any Heroic or Mythic Crests until told to do so. Check guide for why we hold crests.,,,,,,,,,,
Check Guide for what and went to craft.,FALSE,,,,,,,,,
"If you don't have 4set, do LFR for tier pieces - obtaining a 4set bonus will allow catalyst charges to drop from all content",FALSE,,,,,,,,,
Complete weekly world event quest for pinnacle cache and spark from Lady Liadrin,FALSE,,,,,,,,,
Complete weekly housing quest from Vaeli for ?hero crests? (will update when it goes live),FALSE,,,,,,,,,
(Optional) Kill World Boss for champ 2/6 250 ilvl item,FALSE,,,,,,,,,
(Optional) Complete 2x Nightmare Prey for Champion gear on each character,FALSE,,,,,,,,,
Do at least one t11 bountiful delve to get Cracked Keystone Quest,FALSE,,,,,,,,,
"Continue to spend all Adventurer, Veteran and Champion Crests upgrading anything",FALSE,,,,,,,,,
Farm +10s for 266 gear in every slot,FALSE,,,,,,,,,
"Before Mythic raid, Upgrade 11x 3/6 hero items once each. If you don't have that many Heroic items, upgrade a ring or trinket more to reduce risk of wasting crests.",FALSE,,,,,,,,,
"Mythic: If you're lucky and got a Myth track item, skip to next week's upgrade advice for it.",FALSE,,,,,,,,,
"Track spent crests: 220/220 Heroic, 0/220 Mythic - never hold Mythic crests",FALSE,,,,,,,,,
"Ending item level: 4x266, 11x269",,,,,,,,,,
"Week 3 – Mar 31 – Final Raid Opens, 3rd craft",,,,,,,,,,
Open vault (272+ myth item) - upgrade after crafting,FALSE,,,,,,,,,
"If no 4p, do LFR for tier pieces (check guide for why)",FALSE,,,,,,,,,
Farm +10s for vault + crests,FALSE,,,,,,,,,
Heroic: Upgrade 2 of your 4/6 269 items to 6/6 276 for 80 Heroic Crests,FALSE,,,,,,,,,
"Mythic: If your vault item was 1/6, upgrade its heroic counterpart first to 6/6 heroic for 20 Heroic Crests. Upgrade your 1/6 272 Myth track item to 6/6 289 for 80 Myth crests.
",FALSE,,,,,,,,,
"If you got a 2nd myth track item, skip to next week's upgrade advice for it.",FALSE,,,,,,,,,
"Track spent crests: 320/320 Heroic, 160/320 Mythic - never hold Mythic crests",FALSE,,,,,,,,,
"Ending item level: 3x266, 8x269, 2x276h, 1x285(crafted), 1x289",,,,,,,,,,
Week 4 – Apr 7 ,,,,,,,,,,
Open vault (272+ myth item),FALSE,,,,,,,,,
Farm +10s for vault + crests,FALSE,,,,,,,,,
Heroic: Upgrade 2 of your 4/6 269 items to 6/6 276 for 80 Heroic Crests,FALSE,,,,,,,,,
"Mythic: If your vault item was 1/6, upgrade its heroic counterpart first to 6/6 heroic for 20 Heroic Crests. Upgrade your 1/6 272 Myth track item to 6/6 289 for 80 Myth crests.
",FALSE,,,,,,,,,
Mythic: Upgrade your raid drop from 2/6 275 Myth track to 6/6 289 for 80 Myth crests.,FALSE,,,,,,,,,
"Track spent crests: 420/400 Heroic, 320/420 Mythic - never hold Mythic crests",FALSE,,,,,,,,,
"Ending item level: 2x266, 5x269, 4x276h, 1x285(crafted), 3x289",,,,,,,,,,
"Week 5 – Apr 14, 4th craft",,,,,,,,,,
Open vault (272+ myth item),FALSE,,,,,,,,,
Farm +10s for vault + crests,FALSE,,,,,,,,,
Craft next item (see doc for more info),FALSE,,,,,,,,,
Heroic: Upgrade 2 of your 4/6 269 items to 6/6 276 for 80 Heroic Crests,FALSE,,,,,,,,,
"Mythic: If your vault item was 1/6, upgrade its heroic counterpart first to 6/6 heroic for 20 Heroic Crests. Upgrade your 1/6 272 Myth track item to 6/6 289 for 80 Myth crests.
",FALSE,,,,,,,,,
"Track spent crests: 520/520 Heroic, 480/520 Mythic - never hold Mythic crests",FALSE,,,,,,,,,
"Ending item level:  1x266, 2x269, 6x276h, 2x285(crafted), 4x289 ",,,,,,,,,,
Week 6 – Apr 21 - Done with Heroic Crests,,,,,,,,,,
Open vault (272+ myth item),FALSE,,,,,,,,,
Farm +10s for vault + crests,FALSE,,,,,,,,,
Heroic: Upgrade your last 4/6 269 item to 6/6 276 for 40 Heroic Crests,FALSE,,,,,,,,,
"Mythic: If your vault item was 1/6, upgrade its heroic counterpart first to 6/6 heroic for 20 Heroic Crests. Upgrade your 1/6 272 Myth track item to 6/6 289 for 80 Myth crests.
",FALSE,,,,,,,,,
Mythic: Upgrade your raid drop from 2/6 275 Myth track to 6/6 289 for 80 Myth crests.,FALSE,,,,,,,,,
"Track spent crests: 560/620 Heroic, 620/620 Mythic - never hold Mythic crests",FALSE,,,,,,,,,
"Ending item level:  7x276h, 2x285(crafted), 1x 285, 5x289 ",,,,,,,,,,
Week 7 – Apr 28+ ,,,,,,,,,,
Do not craft if you can get vault items higher than 1/6,,,,,,,,,,
"Upgrade Mythic items as you get them, preferring to jump them to 289 for the +4 jump",,,,,,,,,,
Plan for possible 1H + crafted OH swap,,,,,,,,,,
Enjoy Blizzard's much better upgrade system!,,,,,,,,,,